cell_id,option,cost_inr,person_degC,tier1_person_degC,row0,col0,lon,lat
9851,greening,951750.0,11972.245929718018,11953.5940990448,890,610,80.21921,13.10781
13585,greening,961875.0,10082.835775375366,0.0,1230,550,80.20291,13.01553
13355,greening,749250.0,8717.4222946167,0.0,1210,450,80.17522,13.02087
13257,greening,972000.0,7896.0770835876465,1209.008041381836,1200,570,80.20841,13.02368
12157,greening,840375.0000000001,7819.586496353149,0.0,1100,570,80.20833,13.05081
11846,greening,1002375.0,7310.269883155823,0.0,1070,760,80.26087,13.0591
11954,greening,961875.0,7303.56795501709,0.0,1080,740,80.25535,13.05637
12062,greening,901125.0,7085.467077255249,0.0,1090,720,80.24982,13.05364
11608,greening,992250.0,6511.491859436035,0.0,1050,580,80.21105,13.06438
11520,greening,982125.0,6509.2576694488525,304.6947326660156,1040,800,80.27192,13.06727
10644,greening,941625.0000000001,6372.143337249756,811.449785232544,960,840,80.28292,13.089
12830,greening,931500.0,6366.229984283447,0.0,1160,700,80.24434,13.03464
10060,greening,536625.0,6351.923901557922,6291.08030128479,910,500,80.18879,13.10229
14592,greening,779625.0,6291.663954734802,0.0,1320,720,80.25001,12.99126
12715,greening,951750.0,6285.8823595047,0.0,1150,650,80.2305,13.03731
13698,greening,678374.9999999999,6234.357085227966,0.0,1240,580,80.21121,13.01284
13373,greening,951750.0,6227.153730392456,0.0,1210,630,80.22502,13.02102
9850,greening,982125.0,6110.877090454102,3716.342990875244,890,600,80.21645,13.1078
11628,greening,982125.0,6060.666734695435,0.0,1050,780,80.26639,13.06454
11410,greening,1002375.0,5993.997955322266,3916.048595428467,1030,800,80.27191,13.06998
5186,greening,516375.0,5950.804573059082,4998.5989418029785,470,160,80.09426,13.22132
9961,greening,445500.0,5930.42685508728,3753.896240234375,900,610,80.21922,13.10509
12605,greening,1012500.0,5924.602147102356,0.0,1140,650,80.23049,13.04003
11738,greening,911250.0,5922.389831542969,0.0,1060,780,80.2664,13.06183
11953,greening,860625.0,5897.245807647705,0.0,1080,730,80.25258,13.05637
10288,greening,891000.0,5880.353298187256,5849.50643157959,930,580,80.21095,13.09693
12118,greening,951750.0,5850.229602813721,0.0,1100,180,80.10042,13.05046
13245,greening,931500.0,5838.654468536377,0.0,1200,450,80.17522,13.02358
11408,greening,931500.0,5745.683181762695,0.0,1030,780,80.26637,13.06997
12714,greening,992250.0,5740.916864395142,0.0,1150,640,80.22774,13.0373
10645,greening,972000.0,5633.144456863403,0.0,960,850,80.28569,13.08901
11283,greening,860625.0,5534.729968070984,610.3919563293457,1020,630,80.22486,13.07256
13256,greening,1012500.0,5454.453596115112,0.0,1200,560,80.20565,13.02367
12116,greening,891000.0,5422.74293756485,0.0,1100,160,80.09489,13.05044
10287,greening,972000.0,5349.265634536743,5328.335216522217,930,570,80.20818,13.09692
10536,greening,1012500.0,5349.038869857788,0.0,950,860,80.28845,13.09173
12391,greening,880875.0,5302.254692077637,0.0,1120,710,80.24708,13.0455
11955,greening,961875.0,5286.851146697998,0.0,1080,750,80.25811,13.05638
12158,greening,982125.0,5264.711563110352,0.0,1100,580,80.21109,13.05082
10743,greening,1002375.0,5260.046436309814,0.0,970,730,80.25249,13.0862
13695,greening,830250.0,5222.215072631836,0.0,1240,550,80.20291,13.01282
12611,greening,951750.0,5212.533128738403,0.0,1140,710,80.24709,13.04007
12008,greening,891000.0,5204.226456642151,0.0,1090,180,80.10041,13.05317
12117,greening,982125.0,5153.259322166443,0.0,1100,170,80.09766,13.05045
10962,greening,992250.0,5147.598104476929,0.0,990,720,80.24974,13.08077
12063,greening,830250.0,5139.869818687439,0.0,1090,730,80.25259,13.05365
11174,greening,1002375.0,5133.797487258911,0.0,1010,640,80.22762,13.07528
13702,greening,708750.0,5101.281227111816,0.0,1240,620,80.22228,13.01287
10720,greening,931500.0,5081.698921203613,0.0,970,500,80.18884,13.08601
11276,greening,982125.0,5058.99440574646,0.0,1020,560,80.20549,13.0725
10859,greening,1012500.0,4975.475820541382,0.0,980,790,80.2691,13.08354
4602,greening,921374.9999999999,4968.285911560059,4211.26743888855,410,920,80.30464,13.23825
11184,greening,1012500.0,4947.047336578369,0.0,1010,740,80.25529,13.07536
12940,greening,850500.0,4886.807481765747,0.0,1170,700,80.24435,13.03193
11630,greening,1002375.0,4873.327142715454,0.0,1050,800,80.27192,13.06456
12501,greening,769500.0,4869.6016664505005,0.0,1130,710,80.24709,13.04279
13703,greening,779625.0,4863.841125488281,0.0,1240,630,80.22505,13.01288
11897,greening,830250.0,4851.730690002441,3933.85666847229,1080,170,80.09764,13.05587
10742,greening,840375.0000000001,4815.318597793579,0.0,970,720,80.24972,13.0862
15036,greening,992250.0,4808.935225486755,0.0,1360,760,80.2611,12.98044
11898,greening,799875.0,4738.591251373291,2434.4059982299805,1080,180,80.1004,13.05588
12432,greening,789750.0,4737.457300186157,2712.1737632751465,1130,20,80.05619,13.04216
13152,greening,1002375.0,4717.781929016113,0.0,1190,620,80.22224,13.02644
10398,greening,921374.9999999999,4710.88570022583,4448.726022720337,940,580,80.21096,13.09422
12330,greening,901125.0,4705.995111465454,0.0,1120,100,80.07831,13.04495
10972,greening,921374.9999999999,4698.293256759644,0.0,990,820,80.27741,13.08085
10862,greening,1002375.0,4684.07107925415,0.0,980,820,80.2774,13.08356
13037,greening,1012500.0,4659.803386688232,0.0,1180,570,80.2084,13.02911
10753,greening,850500.0,4626.291084289551,0.0,970,830,80.28016,13.08628
11166,greening,1002375.0,4621.38557434082,0.0,1010,560,80.20548,13.07521
13475,greening,1002375.0,4613.422037124634,0.0,1220,550,80.2029,13.01824
13150,greening,982125.0,4603.262920379639,0.0,1190,600,80.2167,13.02642
12608,greening,901125.0,4587.203553199768,0.0,1140,680,80.23879,13.04005
12389,greening,901125.0,4583.724547386169,0.0,1120,690,80.24154,13.04548
12716,greening,982125.0,4573.846912384033,0.0,1150,660,80.23327,13.03732
12607,greening,911250.0,4573.140850067139,0.0,1140,670,80.23603,13.04004
12266,greening,850500.0,4556.55877494812,0.0,1110,560,80.20557,13.04809
14926,greening,1002375.0,4553.784992218018,0.0,1350,760,80.2611,12.98315
12398,greening,951750.0,4542.456596374512,0.0,1120,780,80.26645,13.04555
10752,greening,1012500.0,4540.377784729004,0.0,970,820,80.27739,13.08627
11158,greening,1012500.0,4520.774847507477,0.0,1010,480,80.18335,13.07514
7228,greening,961875.0,4509.156569957733,4434.812900066376,650,780,80.26607,13.17305
11492,greening,1012500.0,4500.116359710693,4500.116359710693,1040,520,80.19444,13.06704
12322,greening,931500.0,4499.439485549927,2559.0373973846436,1120,20,80.05618,13.04487
12612,greening,901125.0,4493.3956961631775,0.0,1140,720,80.24986,13.04008
14489,greening,1012500.0,4483.972372055054,0.0,1310,790,80.26936,12.99402
11631,greening,1002375.0,4452.762403488159,0.0,1050,810,80.27469,13.06457
13694,greening,911250.0,4442.880211830139,0.0,1240,540,80.20015,13.01281
13260,greening,1002375.0,4440.435573577881,0.0,1200,600,80.21671,13.02371
15990,greening,951750.0,4439.216854095459,0.0,1450,400,80.16161,12.95572
12917,greening,880875.0,4435.290002822876,0.0,1170,470,80.18072,13.03173
12263,greening,941625.0000000001,4426.7811069488525,726.6774768829346,1110,530,80.19727,13.04806
11718,greening,982125.0,4416.884560108185,0.0,1060,580,80.21106,13.06167
13050,greening,921374.9999999999,4414.0095500946045,0.0,1180,700,80.24436,13.02922
12156,greening,961875.0,4410.335561752319,0.0,1100,560,80.20556,13.0508
9955,greening,941625.0000000001,4388.1072063446045,0.0,900,550,80.20262,13.10504
12610,greening,769500.0,4385.880512237549,0.0,1140,700,80.24433,13.04007
10642,greening,1002375.0,4367.178995132446,0.0,960,820,80.27739,13.08899
11737,greening,880875.0,4363.365171432495,0.0,1060,770,80.26363,13.06182
15020,greening,1012500.0,4363.009740829468,0.0,1360,600,80.21685,12.98031
12227,greening,870750.0,4349.956499099731,0.0,1110,170,80.09767,13.04773
10171,greening,961875.0,4344.4616775512695,0.0,920,510,80.19157,13.09958
5076,greening,303750.00000000006,4331.114082336426,4220.824672698975,460,160,80.09425,13.22403
13038,greening,972000.0,4319.279582977295,0.0,1180,580,80.21116,13.02912
11843,greening,972000.0,4314.8491497039795,0.0,1070,730,80.25257,13.05908
11077,greening,779625.0,4308.358378410339,0.0,1000,770,80.26358,13.0781
14703,greening,931500.0,4301.978607177734,0.0,1330,730,80.25278,12.98855
11994,greening,951750.0,4292.780385971069,0.0,1090,40,80.06168,13.05303
12267,greening,860625.0,4279.2320766448975,0.0,1110,570,80.20834,13.0481
13149,greening,982125.0,4277.17725944519,0.0,1190,590,80.21394,13.02641
14910,greening,1012500.0,4265.4751834869385,0.0,1350,600,80.21684,12.98302
4601,greening,1012500.0,4260.315208435059,4014.8466444015503,410,910,80.30187,13.23825
11736,greening,708750.0,4259.930587768555,0.0,1060,760,80.26086,13.06181
11281,greening,951750.0,4251.396371841431,0.0,1020,610,80.21933,13.07254
12440,greening,911250.0,4247.749588012695,0.0,1130,100,80.07832,13.04224
12500,greening,901125.0,4215.3274466991425,0.0,1130,700,80.24432,13.04278
11522,greening,840375.0000000001,4208.048339366913,0.0,1040,820,80.27745,13.06729
12937,greening,850500.0,4203.680099964142,0.0,1170,670,80.23605,13.0319
11789,greening,810000.0,4197.346446990967,1550.3160829544067,1070,190,80.10316,13.0586
10853,greening,992250.0,4194.908000946045,0.0,980,730,80.2525,13.08349
13476,greening,901125.0,4191.873872756958,0.0,1220,560,80.20566,13.01825
11275,greening,870750.0,4191.4815673828125,0.0,1020,550,80.20272,13.07249
10852,greening,951750.0,4188.380923271179,0.0,980,720,80.24973,13.08348
10064,greening,961875.0,4183.418895721436,0.0,910,540,80.19986,13.10232
11521,greening,810000.0,4173.672972679138,0.0,1040,810,80.27468,13.06728
9852,greening,759375.0,4168.162891387939,3725.168354034424,890,620,80.22198,13.10781
11392,greening,951750.0,4162.744812011719,0.0,1030,620,80.2221,13.06984
11393,greening,880875.0,4161.418327331543,0.0,1030,630,80.22487,13.06985
14702,greening,536625.0,4158.538204193115,0.0,1330,720,80.25002,12.98854
10719,greening,931500.0,4153.331134796143,0.0,970,490,80.18608,13.086
12277,greening,931500.0,4145.206085205078,0.0,1110,670,80.236,13.04818
10643,greening,1012500.0,4131.236873626709,781.025333404541,960,830,80.28015,13.08899
11515,greening,820124.9999999999,4130.443293571472,0.0,1040,750,80.25808,13.06723
12722,greening,921374.9999999999,4129.932191848755,0.0,1150,720,80.24987,13.03737
12119,greening,891000.0,4118.193766593933,0.0,1100,190,80.10319,13.05047
11615,greening,1012500.0,4113.128185272217,0.0,1050,650,80.23042,13.06444
8335,greening,870750.0,4109.173599720001,2956.224412918091,750,850,80.28552,13.14597
12375,greening,820124.9999999999,4107.062698364258,0.0,1120,550,80.20281,13.04537
8336,greening,789750.0,4100.91699552536,3545.644462585449,750,860,80.28829,13.14598
12606,greening,810000.0,4098.173705101013,0.0,1140,660,80.23326,13.04003
10957,greening,840375.0000000001,4088.493468284607,0.0,990,670,80.2359,13.08073
13584,greening,860625.0,4083.431833267212,0.0,1230,540,80.20014,13.01552
11993,greening,901125.0,4082.461669921875,0.0,1090,30,80.05891,13.05302
12061,greening,799875.0,4074.9136276245117,0.0,1090,710,80.24705,13.05364
13168,greening,972000.0,4073.1297760009766,0.0,1190,780,80.2665,13.02657
11074,greening,951750.0,4072.0540866851807,0.0,1000,740,80.25528,13.07807
7338,greening,921374.9999999999,4067.848466873169,3930.8560342788696,660,780,80.26608,13.17033
11899,greening,698625.0,4060.891044616699,1315.637445449829,1080,190,80.10317,13.05589
12228,greening,799875.0,4048.2327842712402,0.0,1110,180,80.10043,13.04774
10297,greening,961875.0,4043.8113174438477,0.0,930,670,80.23585,13.09701
12374,greening,911250.0,4043.1549196243286,0.0,1120,540,80.20004,13.04536
12827,greening,921374.9999999999,4039.9654960632324,0.0,1160,670,80.23604,13.03462
7975,greening,870750.0,4029.339966773987,665.1063995361328,720,550,80.20246,13.15387
10744,greening,1002375.0,4015.8474159240723,0.0,970,740,80.25526,13.08621
12952,greening,941625.0000000001,4014.259080886841,0.0,1170,820,80.27755,13.03202
10193,greening,992250.0,4008.0980730056763,0.0,920,730,80.25245,13.09977
12115,greening,901125.0,4006.435203552246,0.0,1100,150,80.09212,13.05043
12177,greening,1002375.0,4005.752676963806,0.0,1100,770,80.26366,13.05097
13588,greening,658125.0,4005.1838665008545,0.0,1230,580,80.21121,13.01555
10397,greening,840375.0000000001,3989.173692703247,2284.497968673706,940,570,80.20819,13.09421
12396,greening,850500.0,3971.7597255706787,0.0,1120,760,80.26091,13.04554
11168,greening,931500.0,3967.422468185425,0.0,1010,580,80.21102,13.07523
14596,greening,961875.0,3966.246708869934,0.0,1320,760,80.26107,12.99129
15982,greening,992250.0,3965.230806350708,0.0,1450,320,80.13949,12.95565
10730,greening,810000.0,3954.485828399658,0.0,970,600,80.21652,13.0861
1803,greening,607500.0000000001,3950.8114738464355,3412.6010580062866,160,430,80.16873,13.30566
10382,greening,810000.0,3943.111940383911,3943.111940383911,940,420,80.16668,13.09408
13482,greening,921374.9999999999,3942.9332790374756,0.0,1220,620,80.22226,13.0183
13031,greening,982125.0,3940.286386489868,0.0,1180,510,80.1918,13.02906
12399,greening,921374.9999999999,3939.545778274536,0.0,1120,790,80.26921,13.04556
13263,greening,870750.0,3924.410304069519,0.0,1200,630,80.22501,13.02373
11159,greening,931500.0,3921.0305310487747,0.0,1010,490,80.18611,13.07515
12939,greening,769500.0,3902.9364337921143,0.0,1170,690,80.24159,13.03192
12006,greening,840375.0000000001,3901.0460233688354,0.0,1090,160,80.09488,13.05315
11845,greening,830250.0,3891.5205116271973,0.0,1070,750,80.2581,13.05909
12268,greening,1012500.0,3885.660446166992,0.0,1110,580,80.2111,13.0481
12721,greening,718875.0,3878.333730697632,0.0,1150,710,80.2471,13.03736
14374,greening,759375.0,3878.121082305908,0.0,1300,740,80.25552,12.9967
12007,greening,799875.0,3877.18345451355,0.0,1090,170,80.09765,13.05316
12048,greening,1012500.0,3873.3058490753174,0.0,1090,580,80.21108,13.05353
12828,greening,931500.0,3871.883288383484,0.0,1160,680,80.23881,13.03462
12720,greening,799875.0,3865.97532081604,0.0,1150,700,80.24434,13.03735
9951,greening,820124.9999999999,3862.884383201599,3726.0890016555786,900,510,80.19155,13.10501
10861,greening,941625.0000000001,3845.9675827026367,0.0,980,810,80.27463,13.08355
13490,greening,911250.0,3831.4232692718506,0.0,1220,700,80.24439,13.01837
13372,greening,972000.0,3822.481061935425,0.0,1210,620,80.22225,13.02101
12829,greening,921374.9999999999,3801.536608695984,0.0,1160,690,80.24158,13.03463
8445,greening,718875.0,3800.924261569977,1715.6360626220703,760,850,80.28553,13.14326
12511,greening,921374.9999999999,3798.9908351898193,0.0,1130,810,80.27475,13.04287
12276,greening,840375.0000000001,3796.370288848877,0.0,1110,660,80.23324,13.04817
11282,greening,820124.9999999999,3796.336368560791,0.0,1020,620,80.22209,13.07255
13042,greening,931500.0,3787.3315448760986,0.0,1180,620,80.22223,13.02915
11629,greening,840375.0000000001,3784.0701818466187,0.0,1050,790,80.26916,13.06455
11498,greening,1002375.0,3780.428891181946,0.0,1040,580,80.21104,13.06709
7454,greening,961875.0,3779.218517303467,3567.1466121673584,670,840,80.28269,13.16767
14247,greening,1012500.0,3769.793991088867,0.0,1290,570,80.20849,12.99927
11069,greening,840375.0000000001,3762.766333580017,0.0,1000,690,80.24145,13.07803
11493,greening,1012500.0,3756.0061321258545,3536.2037315368652,1040,530,80.19721,13.06705
11173,greening,891000.0,3755.301480293274,0.0,1010,630,80.22485,13.07527
11719,greening,982125.0,3751.469051361084,0.0,1060,590,80.21383,13.06168
12009,greening,931500.0,3749.693537712097,0.0,1090,190,80.10318,13.05318
13046,greening,901125.0,3747.6798057556152,0.0,1180,660,80.23329,13.02918
11848,greening,911250.0,3743.8756942749023,0.0,1070,780,80.26641,13.05912
12280,greening,901125.0,3725.412808418274,0.0,1110,700,80.2443,13.0482
12155,greening,911250.0,3724.2151231765747,0.0,1100,550,80.20279,13.05079
10500,greening,1012500.0,3722.483066558838,0.0,950,500,80.18883,13.09144
12065,greening,850500.0,3722.2344818115234,0.0,1090,750,80.25812,13.05367
13043,greening,941625.0000000001,3721.6558809280396,0.0,1180,630,80.22499,13.02916
11167,greening,1012500.0,3719.4388427734375,0.0,1010,570,80.20825,13.07522
12433,greening,597375.0,3716.6956634521484,0.0,1130,30,80.05895,13.04217
12446,greening,961875.0,3714.842456817627,0.0,1130,160,80.09492,13.0423
10646,greening,810000.0,3706.801145553589,0.0,960,860,80.28846,13.08902
13370,greening,982125.0,3705.8976287841797,0.0,1210,600,80.21672,13.021
11938,greening,1012500.0,3698.840500831604,0.0,1080,580,80.21108,13.05624
11950,greening,880875.0,3697.678548812866,0.0,1080,700,80.24428,13.05634
11409,greening,728999.9999999999,3691.015659749508,0.0,1030,790,80.26914,13.06998
11172,greening,921374.9999999999,3687.4343338012695,0.0,1010,620,80.22208,13.07526
14704,greening,951750.0,3683.95228767395,0.0,1330,740,80.25555,12.98856
11076,greening,840375.0000000001,3680.7748613357544,0.0,1000,760,80.26082,13.07809
7783,greening,1012500.0,3672.003022670746,3672.003022670746,700,830,80.27995,13.15952
10427,greening,992250.0,3671.8084678649902,0.0,940,870,80.29121,13.09445
7455,greening,688500.0000000001,3671.2264742851257,3294.8012981414795,670,850,80.28546,13.16767
12839,greening,880875.0,3669.2996282577515,0.0,1160,790,80.26924,13.03471
15147,greening,992250.0,3669.2509937286377,0.0,1370,770,80.26388,12.97773
11680,greening,982125.0,3665.132221221924,0.0,1060,200,80.10592,13.06132
12808,greening,992250.0,3661.5550498962402,0.0,1160,480,80.18348,13.03446
9915,greening,810000.0,3659.420923233032,0.0,900,150,80.09193,13.10468
11071,greening,759375.0,3655.3112964630127,0.0,1000,710,80.24698,13.07805
11742,greening,921374.9999999999,3651.6364641189575,0.0,1060,820,80.27747,13.06186
13500,greening,668250.0,3650.709072113037,0.0,1220,800,80.27206,13.01844
12618,greening,931500.0,3648.381862640381,0.0,1140,780,80.26646,13.04013
10633,greening,992250.0,3646.184168815613,0.0,960,730,80.25248,13.08892
11064,greening,870750.0,3641.506155014038,0.0,1000,640,80.22761,13.07799
10391,greening,648000.0,3637.1895933151245,0.0,940,510,80.19158,13.09416
12924,greening,1012500.0,3628.644090652466,0.0,1170,540,80.20009,13.0318
10065,greening,1012500.0,3623.3768453598022,0.0,910,550,80.20263,13.10233
11720,greening,1012500.0,3621.803479194641,0.0,1060,600,80.21659,13.06168
13481,greening,992250.0,3614.3373441696167,0.0,1220,610,80.2195,13.01829
13601,greening,870750.0,3610.153881072998,0.0,1230,710,80.24717,13.01566
11741,greening,1012500.0,3607.303285598755,0.0,1060,810,80.2747,13.06185
13153,greening,860625.0,3600.7067131996155,0.0,1190,630,80.225,13.02645
10745,greening,880875.0,3595.3963050842285,0.0,970,750,80.25802,13.08622
13367,greening,536625.0,3594.676290035248,0.0,1210,570,80.20842,13.02097
14372,greening,840375.0000000001,3591.026804447174,0.0,1300,720,80.24999,12.99668
12264,greening,901125.0,3577.356719970703,0.0,1110,540,80.20004,13.04807
15021,greening,961875.0,3571.865541934967,0.0,1360,610,80.21961,12.98032
10639,greening,921374.9999999999,3569.0794315338135,1074.4909782409668,960,790,80.26908,13.08896
11503,greening,992250.0,3567.401177406311,0.0,1040,630,80.22488,13.06713
10535,greening,961875.0,3566.152470588684,0.0,950,850,80.28568,13.09172
13059,greening,1002375.0,3561.3296852111816,0.0,1180,790,80.26926,13.02929
13600,greening,810000.0,3549.4851455688477,0.0,1230,700,80.2444,13.01565
11181,greening,880875.0,3548.273711204529,0.0,1010,710,80.24699,13.07534
3320,greening,668250.0,3536.8138461112976,1112.119384765625,300,200,80.10517,13.26747
13366,greening,810000.0,3536.659839630127,0.0,1210,560,80.20566,13.02096
10187,greening,992250.0,3532.4423513412476,0.0,920,670,80.23584,13.09972
14486,greening,901125.0,3530.4592623710632,0.0,1310,760,80.26106,12.994
11939,greening,1012500.0,3527.898775100708,0.0,1080,590,80.21384,13.05625
7892,greening,1012500.0,3521.702081680298,3083.1051750183105,710,820,80.27719,13.1568
5184,greening,637875.0,3520.036721229553,513.8366546630859,470,140,80.08873,13.2213
10533,greening,1012500.0,3517.9328260421753,329.27021408081055,950,830,80.28015,13.09171
12388,greening,860625.0,3516.002695083618,0.0,1120,680,80.23878,13.04547
12395,greening,880875.0,3512.305121421814,0.0,1120,750,80.25815,13.04553
11068,greening,739125.0000000001,3501.485912322998,0.0,1000,680,80.23868,13.07803
13711,greening,860625.0,3494.9845867156982,0.0,1240,710,80.24718,13.01295
11952,greening,678374.9999999999,3493.163604736328,0.0,1080,720,80.24981,13.05636
12730,greening,961875.0,3491.5614805221558,0.0,1150,800,80.272,13.03743
15146,greening,931500.0,3484.9625539779663,0.0,1370,760,80.26111,12.97772
10840,greening,921374.9999999999,3479.3066482543945,0.0,980,600,80.21652,13.08338
11073,greening,870750.0,3471.6437664031982,0.0,1000,730,80.25251,13.07807
12951,greening,911250.0,3458.364471435547,0.0,1170,810,80.27479,13.03202
10741,greening,698625.0,3442.9320764541626,0.0,970,710,80.24695,13.08619
14484,greening,698625.0,3433.642614364624,0.0,1310,740,80.25553,12.99398
12729,greening,921374.9999999999,3427.9224309921265,0.0,1150,790,80.26924,13.03742
12287,greening,931500.0,3425.054672241211,0.0,1110,770,80.26367,13.04826
12824,greening,891000.0,3421.9241008758545,0.0,1160,640,80.22774,13.03459
13933,greening,789750.0,3420.4263191223145,0.0,1260,730,80.25273,13.00754
14706,greening,850500.0,3419.7884006500244,0.0,1330,760,80.26108,12.98857
12825,greening,769500.0,3417.171957015991,0.0,1160,650,80.23051,13.0346
12822,greening,992250.0,3409.3872241973877,0.0,1160,620,80.22221,13.03458
11187,greening,820124.9999999999,3406.1070609092712,0.0,1010,770,80.26359,13.07539
12010,greening,789750.0,3405.4395322799683,0.0,1090,200,80.10595,13.05319
12932,greening,972000.0,3403.411180496216,0.0,1170,620,80.22222,13.03186
10316,greening,1012500.0,3402.4335536956787,0.0,930,860,80.28843,13.09716
15242,greening,941625.0000000001,3402.0308113098145,0.0,1380,620,80.2224,12.9749
13259,greening,901125.0,3395.4561882019043,0.0,1200,590,80.21395,13.0237
11072,greening,739125.0000000001,3394.1739592552185,0.0,1000,720,80.24975,13.07806
11625,greening,789750.0,3392.0332794189453,0.0,1050,750,80.25809,13.06452
12372,greening,860625.0,3391.65269947052,3003.3344764709473,1120,520,80.19451,13.04534
12510,greening,891000.0,3388.1357831954956,0.0,1130,800,80.27199,13.04286
7782,greening,1012500.0,3379.087682723999,3379.087682723999,700,820,80.27718,13.15951
11840,greening,880875.0,3375.3854656219482,0.0,1070,700,80.24427,13.05905
10423,greening,1012500.0,3372.3837537765503,0.0,940,830,80.28014,13.09442
10424,greening,1012500.0,3372.180233001709,0.0,940,840,80.2829,13.09443
12719,greening,860625.0,3368.763617992401,0.0,1150,690,80.24157,13.03735
13264,greening,911250.0,3362.8065700531006,0.0,1200,640,80.22778,13.02374
11049,greening,860625.0,3350.996518611908,0.0,1000,490,80.1861,13.07787
11284,greening,880875.0,3347.7652769088745,0.0,1020,640,80.22763,13.07257
12933,greening,921374.9999999999,3347.1104049682617,0.0,1170,630,80.22499,13.03187
11294,greening,718875.0,3341.62158203125,0.0,1020,740,80.2553,13.07265
10174,greening,982125.0,3340.555606842041,0.0,920,540,80.19987,13.09961
12925,greening,860625.0,3332.2374420166016,0.0,1170,550,80.20285,13.0318
12949,greening,810000.0,3329.20578622818,0.0,1170,790,80.26925,13.032
10532,greening,1012500.0,3319.5094680786133,0.0,950,820,80.27738,13.0917
12805,greening,992250.0,3318.466859817505,0.0,1160,450,80.17518,13.03443
13701,greening,556875.0000000001,3314.5057797431946,0.0,1240,610,80.21951,13.01287
12619,greening,951750.0,3313.4435243606567,0.0,1140,790,80.26923,13.04014
14915,greening,921374.9999999999,3310.224518299103,0.0,1350,650,80.23067,12.98306
14593,greening,678374.9999999999,3307.3106756210327,0.0,1320,730,80.25277,12.99126
13062,greening,992250.0,3302.871286392212,0.0,1180,820,80.27756,13.02931
10838,greening,941625.0000000001,3286.379783630371,0.0,980,580,80.21099,13.08337
14358,greening,992250.0,3279.0361976623535,0.0,1300,580,80.21127,12.99657
12731,greening,972000.0,3276.6275730133057,0.0,1150,810,80.27477,13.03744
13369,greening,901125.0,3270.295795440674,0.0,1210,590,80.21395,13.02099
14591,greening,607500.0000000001,3268.61222076416,0.0,1320,710,80.24724,12.99125
12718,greening,941625.0000000001,3266.9496665000916,0.0,1150,680,80.2388,13.03734
10206,greening,1002375.0,3263.7564792633057,0.0,920,860,80.28842,13.09987
10963,greening,880875.0,3259.8934392929077,0.0,990,730,80.25251,13.08078
12603,greening,1002375.0,3258.336446762085,0.0,1140,630,80.22496,13.04001
11829,greening,1012500.0,3257.356653213501,133.84713745117188,1070,590,80.21383,13.05896
9322,greening,911250.0,3256.3681993484497,23.962688446044922,840,820,80.27729,13.12154
14026,greening,1002375.0,3252.119415283203,0.0,1270,560,80.20571,13.00469
10317,greening,921374.9999999999,3247.3316230773926,0.0,930,870,80.2912,13.09716
10207,greening,1012500.0,3241.716866493225,0.0,920,870,80.29119,13.09988
10502,greening,749250.0,3241.008726119995,0.0,950,520,80.19436,13.09145
14705,greening,951750.0,3240.8798775672913,0.0,1330,750,80.25831,12.98857
10534,greening,1012500.0,3240.301513671875,276.47815895080566,950,840,80.28291,13.09172
12918,greening,911250.0,3237.495972633362,0.0,1170,480,80.18349,13.03174
12282,greening,708750.0,3237.157403945923,0.0,1110,720,80.24984,13.04822
13262,greening,891000.0,3235.0873432159424,0.0,1200,620,80.22225,13.02372
11399,greening,688500.0000000001,3233.49591255188,0.0,1030,690,80.24147,13.0699
13586,greening,769500.0,3232.072332382202,0.0,1230,560,80.20567,13.01554
10084,greening,931500.0,3229.754810333252,0.0,910,740,80.25521,13.10249
11598,greening,1012500.0,3225.4760208129883,0.0,1050,480,80.18338,13.06429
11707,greening,1012500.0,3225.190097808838,0.0,1060,470,80.18062,13.06157
14379,greening,941625.0000000001,3218.4008350372314,0.0,1300,790,80.26936,12.99674
9879,greening,1002375.0,3217.0523758232594,0.0,890,890,80.2967,13.10803
10175,greening,891000.0,3214.6180362701416,0.0,920,550,80.20264,13.09962
11048,greening,1002375.0,3212.24493932724,0.0,1000,480,80.18334,13.07786
13277,greening,840375.0000000001,3207.863423347473,0.0,1200,770,80.26374,13.02385
9844,greening,951750.0,3206.928237915039,0.0,890,540,80.19984,13.10775
16218,greening,911250.0,3199.8817958831787,814.260217666626,1470,480,80.18375,12.95037
13060,greening,941625.0000000001,3198.757894515991,0.0,1180,800,80.27203,13.02929
10188,greening,860625.0,3195.1620302200317,106.49798965454102,920,680,80.23861,13.09973
12049,greening,982125.0,3190.645257949829,0.0,1090,590,80.21385,13.05354
10630,greening,921374.9999999999,3189.494423866272,0.0,960,700,80.24418,13.08889
11386,greening,789750.0,3188.886794090271,401.2441463470459,1030,560,80.2055,13.06979
12176,greening,1002375.0,3187.1778774261475,0.0,1100,760,80.2609,13.05096
14267,greening,870750.0,3182.552619934082,0.0,1290,770,80.26381,12.99943
12590,greening,972000.0,3181.0956993103027,0.0,1140,500,80.18899,13.0399
12285,greening,992250.0,3180.969430923462,0.0,1110,750,80.25814,13.04824
7233,greening,972000.0,3179.9189335405827,2831.449754714966,650,830,80.27991,13.17308
14468,greening,1012500.0,3177.4142055511475,0.0,1310,580,80.21127,12.99385
11632,greening,941625.0000000001,3175.2637329101562,0.0,1050,820,80.27746,13.06457
14154,greening,941625.0000000001,3173.1598365306854,0.0,1280,740,80.25551,13.00212
10867,greening,820124.9999999999,3170.0658674240112,0.0,980,870,80.29124,13.0836
13365,greening,972000.0,3169.3039989471436,0.0,1210,550,80.20289,13.02095
11300,greening,556875.0000000001,3165.9724655151367,657.160831451416,1020,800,80.2719,13.0727
10387,greening,1012500.0,3164.576557159424,397.6201972961426,940,470,80.18052,13.09412
11290,greening,921374.9999999999,3161.2626361846924,0.0,1020,700,80.24423,13.07262
13109,greening,921374.9999999999,3155.9515895843506,0.0,1190,190,80.10328,13.02605
13354,greening,992250.0,3155.318431377411,0.0,1210,440,80.17246,13.02086
11059,greening,769500.0,3153.60701751709,0.0,1000,590,80.21377,13.07795
10947,greening,941625.0000000001,3152.1164197921753,0.0,990,570,80.20823,13.08065
15981,greening,840375.0000000001,3150.4687757492065,0.0,1450,310,80.13672,12.95564
10425,greening,1002375.0,3147.740131378174,0.0,940,850,80.28567,13.09444
11299,greening,901125.0,3144.912196159363,0.0,1020,790,80.26913,13.07269
15131,greening,972000.0,3142.817816257477,0.0,1370,610,80.21962,12.9776
12166,greening,992250.0,3139.7869510650635,0.0,1100,660,80.23323,13.05088
11717,greening,779625.0,3137.3842191696167,0.0,1060,570,80.20829,13.06166
10304,greening,1012500.0,3136.8456172943115,2737.2137775421143,930,740,80.25522,13.09706
12927,greening,779625.0,3132.2936210632324,0.0,1170,570,80.20839,13.03182
10537,greening,982125.0,3128.923921585083,0.0,950,870,80.29121,13.09174
12585,greening,921374.9999999999,3120.985300064087,0.0,1140,450,80.17516,13.03985
7453,greening,972000.0,3116.267399787903,3116.267399787903,670,830,80.27992,13.16766
12265,greening,911250.0,3111.243730545044,0.0,1110,550,80.2028,13.04808
15352,greening,1012500.0,3108.940052986145,0.0,1390,620,80.22241,12.97219
11609,greening,982125.0,3107.3002376556396,0.0,1050,590,80.21382,13.06439
13051,greening,799875.0,3104.3256673812866,0.0,1180,710,80.24713,13.02922
12283,greening,830250.0,3094.399926185608,0.0,1110,730,80.2526,13.04823
12923,greening,1012500.0,3087.6218547821045,0.0,1170,530,80.19732,13.03179
11389,greening,911250.0,3078.586799621582,0.0,1030,590,80.2138,13.06981
10315,greening,1012500.0,3077.2682037353516,0.0,930,850,80.28566,13.09715
11962,greening,1012500.0,3074.525566101074,0.0,1080,820,80.27748,13.05644
12275,greening,931500.0,3070.691074371338,0.0,1110,650,80.23047,13.04816
10205,greening,992250.0,3068.043260574341,0.0,920,850,80.28566,13.09986
12713,greening,911250.0,3066.9618549346924,0.0,1150,630,80.22497,13.0373
13154,greening,921374.9999999999,3065.8079946041107,0.0,1190,640,80.22777,13.02645
11182,greening,779625.0,3061.8962049484253,0.0,1010,720,80.24975,13.07535
11927,greening,1002375.0,3060.8849773406982,0.0,1080,470,80.18064,13.05615
9805,greening,820124.9999999999,3060.2897996902466,0.0,890,150,80.09192,13.10739
12058,greening,860625.0,3059.139723777771,0.0,1090,680,80.23875,13.05361
10847,greening,759375.0,3057.286729335785,0.0,980,670,80.23589,13.08344
10312,greening,992250.0,3045.8397789001465,0.0,930,820,80.27736,13.09712
14157,greening,789750.0,3045.3938307762146,0.0,1280,770,80.26381,13.00215
13028,greening,961875.0,3044.251127243042,0.0,1180,480,80.1835,13.02903
11502,greening,972000.0,3040.3605422973633,0.0,1040,620,80.22211,13.06713
9104,greening,911250.0,3032.343635559082,152.93986892700195,820,840,80.28281,13.12698
12615,greening,921374.9999999999,3031.9769234657288,0.0,1140,750,80.25816,13.04011
12272,greening,951750.0,3029.787947654724,0.0,1110,620,80.22217,13.04814
9105,greening,972000.0,3026.524850845337,855.1926555633545,820,850,80.28558,13.12699
14152,greening,931500.0,3022.7747659683228,0.0,1280,720,80.24998,13.00211
10278,greening,992250.0,3021.111204147339,131.4455966949463,930,480,80.18327,13.09684
15544,greening,1002375.0,3019.308512687683,0.0,1410,340,80.14498,12.96652
13001,greening,840375.0000000001,3016.25368309021,0.0,1180,210,80.1088,13.02878
11817,greening,992250.0,3016.038549423218,0.0,1070,470,80.18063,13.05886
13061,greening,951750.0,3014.1231083869934,0.0,1180,810,80.27479,13.0293
12550,greening,870750.0,3011.258194923401,0.0,1140,100,80.07833,13.03953
10388,greening,931500.0,3010.833505630493,1772.8820638656616,940,480,80.18328,13.09413
13261,greening,951750.0,3008.2410564422607,0.0,1200,610,80.21948,13.02372
10749,greening,820124.9999999999,3006.63045501709,0.0,970,790,80.26909,13.08625
11491,greening,972000.0,3005.79616355896,3005.79616355896,1040,510,80.19167,13.06703
7781,greening,1012500.0,3005.248754501343,2807.9579162597656,700,810,80.27441,13.15951
13047,greening,678374.9999999999,3004.945446252823,0.0,1180,670,80.23606,13.02919
12289,greening,972000.0,3004.1035480499268,0.0,1110,790,80.2692,13.04827
10636,greening,961875.0,3002.9319744110107,0.0,960,760,80.26078,13.08894
10028,greening,688500.0000000001,3001.375123977661,0.0,910,180,80.10024,13.10199
12916,greening,810000.0,2998.5858488082886,0.0,1170,460,80.17796,13.03173
12284,greening,911250.0,2998.3662395477295,0.0,1110,740,80.25537,13.04824
12936,greening,921374.9999999999,2994.5746002197266,0.0,1170,660,80.23329,13.0319
13030,greening,941625.0000000001,2989.0485458374023,0.0,1180,500,80.18903,13.02905
11945,greening,901125.0,2986.550601005554,0.0,1080,650,80.23044,13.0563
15132,greening,982125.0,2983.348942756653,0.0,1370,620,80.22239,12.97761
10728,greening,891000.0,2978.32781124115,0.0,970,580,80.21098,13.08608
13255,greening,972000.0,2978.264451980591,0.0,1200,550,80.20288,13.02367
15980,greening,992250.0,2972.028573989868,0.0,1450,300,80.13395,12.95563
12066,greening,870750.0,2970.5049619674683,0.0,1090,760,80.26089,13.05368
11065,greening,820124.9999999999,2968.071898460388,31.651451110839844,1000,650,80.23038,13.078
11394,greening,931500.0,2962.6658906936646,0.0,1030,640,80.22764,13.06985
12725,greening,779625.0,2962.443483352661,0.0,1150,750,80.25817,13.03739
14042,greening,870750.0,2959.399679660797,0.0,1270,720,80.24997,13.00482
12826,greening,921374.9999999999,2957.164840698242,0.0,1160,660,80.23328,13.03461
15435,greening,972000.0,2955.008128643036,0.0,1400,350,80.14774,12.96924
12609,greening,728999.9999999999,2952.6118307113647,0.0,1140,690,80.24156,13.04006
12931,greening,870750.0,2952.081714630127,0.0,1170,610,80.21945,13.03185
12373,greening,698625.0,2951.5350275039673,1333.2934379577637,1120,530,80.19728,13.04535
12509,greening,941625.0000000001,2949.288077354431,0.0,1130,790,80.26922,13.04285
14911,greening,911250.0,2948.9223852157593,0.0,1350,610,80.21961,12.98303
13593,greening,739125.0000000001,2947.3801639080048,0.0,1230,630,80.22504,13.0156
11519,greening,688500.0000000001,2944.471238091588,0.0,1040,790,80.26915,13.06726
11510,greening,739125.0000000001,2941.9443759918213,0.0,1040,700,80.24425,13.06719
12935,greening,759375.0,2934.157462120056,0.0,1170,650,80.23052,13.03189
10839,greening,931500.0,2932.222053527832,0.0,980,590,80.21376,13.08338
4711,greening,840375.0000000001,2931.358055114746,1312.8381576538086,420,910,80.30188,13.23553
14919,greening,921374.9999999999,2930.001588821411,0.0,1350,690,80.24173,12.98309
7894,greening,951750.0,2928.298098564148,1179.6860275268555,710,840,80.28272,13.15682
10858,greening,850500.0,2925.7624197006226,0.0,980,780,80.26633,13.08353
11407,greening,860625.0,2923.7578868865967,0.0,1030,770,80.26361,13.06996
13491,greening,769500.0,2921.414438724518,0.0,1220,710,80.24716,13.01837
12950,greening,961875.0,2913.859646320343,0.0,1170,800,80.27202,13.03201
10956,greening,891000.0,2912.622220993042,0.0,990,660,80.23314,13.08072
16328,greening,870750.0,2907.5449533462524,1465.4472370147705,1480,480,80.18376,12.94765
13249,greening,637875.0,2901.0557556152344,0.0,1200,490,80.18628,13.02361
13148,greening,810000.0,2898.6584672927856,0.0,1190,580,80.21117,13.0264
11175,greening,769500.0,2898.006630897522,0.0,1010,650,80.23039,13.07529
11385,greening,698625.0,2897.432287454605,1598.2571239471436,1030,550,80.20273,13.06978
12159,greening,982125.0,2895.7524976730347,0.0,1100,590,80.21386,13.05083
12833,greening,941625.0000000001,2894.485076904297,0.0,1160,730,80.25264,13.03466
14355,greening,951750.0,2889.4892559051514,0.0,1300,550,80.20297,12.99654
4712,greening,708750.0,2889.4319920539856,2889.4319920539856,420,920,80.30465,13.23554
11516,greening,688500.0000000001,2888.6531915664673,0.0,1040,760,80.26085,13.06724
14044,greening,840375.0000000001,2881.0705184936523,0.0,1270,740,80.2555,13.00483
9918,greening,901125.0,2876.4892358779907,0.0,900,180,80.10023,13.10471
7893,greening,1012500.0,2874.8099937438965,1799.7937488555908,710,830,80.27996,13.15681
11884,greening,759375.0,2872.3453063964844,0.0,1080,40,80.06167,13.05574
10748,greening,870750.0,2871.826202392578,0.0,970,780,80.26633,13.08624
11297,greening,840375.0000000001,2868.653169095516,0.0,1020,770,80.2636,13.07267
11847,greening,799875.0,2867.4414892196655,0.0,1070,770,80.26364,13.05911
8553,greening,951750.0,2865.461619615555,1779.7181644439697,770,830,80.28,13.14053
10755,greening,728999.9999999999,2860.2135257720947,0.0,970,850,80.2857,13.0863
16108,greening,891000.0,2852.5976524353027,0.0,1460,480,80.18375,12.95308
12934,greening,941625.0000000001,2852.141077041626,0.0,1170,640,80.22775,13.03188
11622,greening,698625.0,2849.090524673462,0.0,1050,720,80.24979,13.0645
11050,greening,850500.0,2848.782380104065,0.0,1000,500,80.18887,13.07787
15657,greening,891000.0,2842.211435317993,0.0,1420,370,80.15329,12.96383
12226,greening,708750.0,2837.6247062683105,0.0,1110,160,80.0949,13.04772
13474,greening,870750.0,2836.477005958557,0.0,1220,540,80.20013,13.01823
12170,greening,830250.0,2835.3822317123413,0.0,1100,700,80.24429,13.05092
14043,greening,820124.9999999999,2834.6319303512573,0.0,1270,730,80.25273,13.00483
12152,greening,911250.0,2823.4993228912354,0.0,1100,520,80.19449,13.05077
12271,greening,931500.0,2823.273899078369,0.0,1110,610,80.2194,13.04813
11274,greening,901125.0,2818.370792388916,0.0,1020,540,80.19996,13.07248
12172,greening,637875.0,2812.568881034851,0.0,1100,720,80.24983,13.05093
10966,greening,708750.0,2810.247699737549,0.0,990,760,80.26081,13.0808
13389,greening,597375.0,2807.9010944366455,0.0,1210,790,80.26928,13.02115
10208,greening,1002375.0,2796.8586101531982,0.0,920,880,80.29396,13.09988
15037,greening,901125.0,2796.5805955827236,0.0,1360,770,80.26387,12.98044
12840,greening,708750.0,2793.238907814026,0.0,1160,800,80.27201,13.03472
10529,greening,921374.9999999999,2793.0797185897827,2240.554223060608,950,790,80.26908,13.09168
14580,greening,820124.9999999999,2792.5434041023254,0.0,1320,600,80.21681,12.99116
9956,greening,921374.9999999999,2789.9207334518433,184.9498805999756,900,560,80.20539,13.10505
12506,greening,698625.0,2787.253653526306,0.0,1130,760,80.26092,13.04283
12385,greening,830250.0,2784.2716007232666,0.0,1120,650,80.23048,13.04545
10638,greening,911250.0,2784.1240701675415,190.6418342590332,960,780,80.26632,13.08896
12286,greening,921374.9999999999,2780.828399658203,0.0,1110,760,80.2609,13.04825
10422,greening,830250.0,2776.8985710144043,0.0,940,820,80.27737,13.09441
10298,greening,850500.0,2776.285436630249,0.0,930,680,80.23862,13.09701
14357,greening,911250.0,2775.1303005218506,0.0,1300,570,80.2085,12.99656
14921,greening,526500.0,2772.9783067703247,0.0,1350,710,80.24727,12.98311
13026,greening,921374.9999999999,2772.9507660865784,0.0,1180,460,80.17796,13.02901
12838,greening,880875.0,2772.453722000122,0.0,1160,780,80.26648,13.0347
12945,greening,840375.0000000001,2765.1246008872986,0.0,1170,750,80.25819,13.03197
11787,greening,577125.0,2764.3808522224426,442.0882682800293,1070,170,80.09763,13.05858
14590,greening,668250.0,2763.021608352661,0.0,1320,700,80.24448,12.99124
12335,greening,739125.0000000001,2762.0570125579834,0.0,1120,150,80.09214,13.045
13169,greening,891000.0,2759.5497970581055,0.0,1190,790,80.26927,13.02657
11947,greening,830250.0,2758.212502479553,0.0,1080,670,80.23598,13.05632
13483,greening,668250.0,2755.717596054077,0.0,1220,630,80.22503,13.01831
12806,greening,789750.0,2753.543704032898,0.0,1160,460,80.17795,13.03444
13036,greening,870750.0,2750.022470474243,0.0,1180,560,80.20563,13.0291
14155,greening,870750.0,2749.9807176589966,0.0,1280,750,80.25827,13.00213
12477,greening,840375.0000000001,2745.228910446167,0.0,1130,470,80.18069,13.04258
11838,greening,911250.0,2743.091619491577,0.0,1070,680,80.23874,13.05904
12496,greening,779625.0,2734.9260244369507,0.0,1130,660,80.23325,13.04275
13276,greening,840375.0000000001,2734.8409719467163,0.0,1200,760,80.26098,13.02384
12938,greening,718875.0,2731.139133453369,0.0,1170,680,80.23882,13.03191
13146,greening,607500.0000000001,2726.103319168091,0.0,1190,560,80.20564,13.02639
11732,greening,769500.0,2721.058151245117,0.0,1060,720,80.2498,13.06178
10724,greening,901125.0,2718.3121242523193,0.0,970,540,80.19991,13.08605
13155,greening,789750.0,2716.1846619844437,0.0,1190,650,80.23054,13.02646
13056,greening,840375.0000000001,2713.8184995651245,0.0,1180,760,80.26096,13.02926
13383,greening,648000.0,2709.8895530700684,0.0,1210,730,80.25268,13.0211
12489,greening,820124.9999999999,2705.0074882507324,0.0,1130,590,80.21389,13.04269
12213,greening,698625.0,2701.28502368927,0.0,1110,30,80.05893,13.0476
11190,greening,850500.0,2700.973515033722,0.0,1010,800,80.27189,13.07541
13496,greening,769500.0,2700.5073890686035,0.0,1220,760,80.26099,13.01841
13934,greening,728999.9999999999,2692.5994005203247,0.0,1260,740,80.25549,13.00755
10318,greening,992250.0,2692.4329195022583,0.0,930,880,80.29397,13.09717
10948,greening,870750.0,2688.9814846515656,0.0,990,580,80.211,13.08065
16219,greening,860625.0,2684.836456298828,0.0,1470,490,80.18652,12.95038
9467,greening,718875.0,2682.420718193054,0.0,860,70,80.06975,13.11545
11841,greening,728999.9999999999,2673.468159675598,0.0,1070,710,80.24704,13.05906
13032,greening,759375.0,2670.4829711914062,0.0,1180,520,80.19456,13.02907
14927,greening,880875.0,2663.1801137924194,0.0,1350,770,80.26386,12.98316
11295,greening,597375.0,2659.9722633361816,0.0,1020,750,80.25806,13.07266
11505,greening,799875.0,2658.0847969055176,0.0,1040,650,80.23041,13.06715
14595,greening,880875.0,2655.959776878357,0.0,1320,750,80.25831,12.99128
11160,greening,850500.0,2651.5762510299683,0.0,1010,500,80.18888,13.07516
7891,greening,992250.0,2650.748643398285,459.7107448577881,710,810,80.27442,13.15679
11839,greening,860625.0,2645.9730339050293,0.0,1070,690,80.2415,13.05905
9355,greening,668250.0,2643.037398338318,0.0,850,50,80.0642,13.11814
4061,greening,779625.0,2642.8879556655884,1655.1148738861084,360,1010,80.32952,13.25188
12120,greening,728999.9999999999,2641.712490081787,0.0,1100,200,80.10596,13.05048
7672,greening,1002375.0,2641.3468055725098,768.9608087539673,690,820,80.27717,13.16223
10189,greening,860625.0,2641.34183883667,445.6891860961914,920,690,80.24138,13.09973
11731,greening,658125.0,2637.1740713119507,0.0,1060,710,80.24703,13.06177
12175,greening,779625.0,2636.386820793152,0.0,1100,750,80.25813,13.05096
12054,greening,799875.0,2633.4493165016174,0.0,1090,640,80.22769,13.05358
13040,greening,850500.0,2631.365584373474,0.0,1180,600,80.2167,13.02913
9917,greening,688500.0000000001,2624.852660179138,0.0,900,170,80.09746,13.1047
12400,greening,850500.0,2622.7332830429077,0.0,1120,800,80.27198,13.04557
10857,greening,617625.0,2620.7724285125732,0.0,980,770,80.26357,13.08352
9464,greening,526500.0,2619.2874870300293,0.0,860,40,80.06144,13.11542
15880,greening,840375.0000000001,2617.0081729888916,0.0,1440,400,80.1616,12.95843
10725,greening,850500.0,2613.0997581481934,0.0,970,550,80.20268,13.08605
10621,greening,769500.0,2606.7244997024536,0.0,960,610,80.21927,13.08882
12495,greening,789750.0,2606.3181161880493,0.0,1130,650,80.23049,13.04274
13269,greening,830250.0,2605.2982892990112,0.0,1200,690,80.24161,13.02378
11896,greening,769500.0,2605.051956176758,235.19048500061035,1080,160,80.09487,13.05586
12823,greening,830250.0,2603.8339500427246,0.0,1160,630,80.22498,13.03458
12499,greening,810000.0,2602.8255903720856,0.0,1130,690,80.24155,13.04277
13140,greening,759375.0,2601.7389030456543,0.0,1190,500,80.18904,13.02634
12331,greening,597375.0,2594.3622436523438,0.0,1120,110,80.08108,13.04496
14815,greening,718875.0,2589.7385454177856,0.0,1340,750,80.25832,12.98585
13386,greening,850500.0,2584.526372909546,0.0,1210,760,80.26098,13.02113
11900,greening,648000.0,2584.088441133499,495.50809478759766,1080,200,80.10594,13.0559
11730,greening,810000.0,2569.532390356064,0.0,1060,700,80.24426,13.06177
13917,greening,749250.0,2565.140627861023,1007.8413410186768,1260,570,80.20846,13.00741
9954,greening,850500.0,2563.8888788223267,0.0,900,540,80.19985,13.10503
10969,greening,779625.0,2561.0493931770325,0.0,990,790,80.26911,13.08083
14156,greening,799875.0,2560.3727062940598,0.0,1280,760,80.26104,13.00214
13806,greening,820124.9999999999,2550.02432012558,0.0,1250,560,80.20569,13.01011
10727,greening,607500.0000000001,2548.8199315071106,0.0,970,570,80.20821,13.08607
9549,greening,901125.0,2548.605679512024,0.0,860,890,80.29668,13.11617
10169,greening,840375.0000000001,2546.767565727234,0.0,920,490,80.18603,13.09957
13034,greening,607500.0000000001,2542.410189628601,0.0,1180,540,80.2001,13.02908
10959,greening,637875.0,2537.627077102661,0.0,990,690,80.24144,13.08075
12728,greening,840375.0000000001,2534.431639611721,0.0,1150,780,80.26647,13.03742
14485,greening,799875.0,2532.463623046875,0.0,1310,750,80.2583,12.99399
10632,greening,627750.0,2531.955881357193,0.0,960,720,80.24971,13.08891
12386,greening,810000.0,2528.0899008512497,0.0,1120,660,80.23324,13.04546
11995,greening,759375.0,2528.0692806243896,0.0,1090,50,80.06445,13.05304
15545,greening,880875.0,2527.3121633529663,0.0,1410,350,80.14775,12.96653
13164,greening,840375.0000000001,2518.363366961479,0.0,1190,740,80.25544,13.02653
12695,greening,769500.0,2515.4928226470947,0.0,1150,450,80.17517,13.03714
13002,greening,769500.0,2514.922573328018,0.0,1180,220,80.11157,13.02879
13932,greening,739125.0000000001,2514.5389165878296,0.0,1260,720,80.24996,13.00753
12376,greening,749250.0,2513.702283859253,0.0,1120,560,80.20558,13.04537
13167,greening,769500.0,2508.368339538574,0.0,1190,770,80.26373,13.02656
11171,greening,810000.0,2501.60293674469,0.0,1010,610,80.21932,13.07526
12323,greening,617625.0,2500.820478439331,0.0,1120,30,80.05894,13.04488
10854,greening,820124.9999999999,2494.414037704468,0.0,980,740,80.25526,13.0835
10061,greening,637875.0,2492.051408290863,1861.087968826294,910,510,80.19156,13.1023
13587,greening,607500.0000000001,2485.850387573242,0.0,1230,570,80.20844,13.01555
11169,greening,688500.0000000001,2485.277448654175,0.0,1010,590,80.21378,13.07524
12225,greening,526500.0,2482.259349822998,0.0,1110,150,80.09213,13.04771
12171,greening,648000.0,2481.704481124878,0.0,1100,710,80.24706,13.05092
12498,greening,607500.0000000001,2479.895513534546,0.0,1130,680,80.23879,13.04276
1647,greening,941625.0000000001,2471.5093940608203,2073.9975090026855,140,1070,80.34598,13.3116
16109,greening,728999.9999999999,2471.4985160827637,0.0,1460,490,80.18651,12.95309
13052,greening,728999.9999999999,2463.117649078369,0.0,1180,720,80.24989,13.02923
12005,greening,718875.0,2458.318346977234,0.0,1090,150,80.09211,13.05314
13035,greening,698625.0,2455.478268623352,0.0,1180,550,80.20286,13.02909
15773,greening,779625.0,2449.4287729263306,0.0,1430,430,80.16989,12.96117
12807,greening,678374.9999999999,2449.0507974624634,0.0,1160,470,80.18071,13.03445
12497,greening,739125.0000000001,2448.521325111389,0.0,1130,670,80.23602,13.04275
10965,greening,698625.0,2435.66084253788,0.0,990,750,80.25804,13.08079
12324,greening,536625.0,2425.254253387451,0.0,1120,40,80.06171,13.04489
10194,greening,799875.0,2423.914037704468,204.6994228363037,920,740,80.25522,13.09977
13039,greening,718875.0,2417.3967142105103,0.0,1180,590,80.21393,13.02912
12059,greening,668250.0,2409.228105545044,0.0,1090,690,80.24152,13.05362
12832,greening,769500.0,2402.5885529518127,0.0,1160,720,80.24988,13.03466
3951,greening,931500.0,2402.0934448242188,426.21152901649475,350,1010,80.32951,13.2546
13145,greening,688500.0000000001,2400.786687850952,0.0,1190,550,80.20287,13.02638
11177,greening,749250.0,2392.0575799942017,0.0,1010,670,80.23592,13.0753
14045,greening,718875.0,2387.9977474212646,0.0,1270,750,80.25827,13.00484
11844,greening,465750.0,2386.428928375244,0.0,1070,740,80.25534,13.05909
13807,greening,607500.0000000001,2368.2497024536133,0.0,1250,570,80.20846,13.01012
12717,greening,536625.0,2354.9390811920166,0.0,1150,670,80.23604,13.03733
7673,greening,1012500.0,2353.6519255638123,697.697868347168,690,830,80.27994,13.16223
11842,greening,648000.0,2341.042905807495,0.0,1070,720,80.2498,13.05907
11058,greening,678374.9999999999,2339.799690723419,0.0,1000,580,80.21101,13.07794
10286,greening,658125.0,2339.2737550735474,1759.2576160430908,930,560,80.20541,13.09691
10846,greening,769500.0,2337.297016620636,0.0,980,660,80.23313,13.08343
7117,greening,415125.0,2331.7616033554077,0.0,640,770,80.26329,13.17575
11293,greening,688500.0000000001,2331.7186880111694,0.0,1020,730,80.25253,13.07264
11733,greening,749250.0,2331.1783447265625,0.0,1060,730,80.25256,13.06179
11790,greening,506250.0,2324.150269508362,1583.237790107727,1070,200,80.10593,13.05861
12212,greening,546750.0,2321.481768131256,285.4625098705292,1110,20,80.05617,13.04759
12338,greening,718875.0,2315.5368118286133,0.0,1120,180,80.10044,13.04503
10088,greening,718875.0,2314.0520515441895,886.7940101623535,910,780,80.26628,13.10252
12103,greening,678374.9999999999,2308.5130519866943,0.0,1100,30,80.05892,13.05031
13356,greening,364499.99999999994,2307.0210523605347,0.0,1210,460,80.17799,13.02088
12377,greening,708750.0,2303.0979022979736,0.0,1120,570,80.20834,13.04538
10411,greening,749250.0,2301.196551322937,0.0,940,710,80.24693,13.09433
14814,greening,718875.0,2300.1160736083984,0.0,1340,740,80.25556,12.98585
12387,greening,759375.0,2290.752519607544,0.0,1120,670,80.23601,13.04547
10176,greening,617625.0,2289.096529006958,933.2992267608643,920,560,80.2054,13.09963
10964,greening,678374.9999999999,2285.5439801216125,0.0,990,740,80.25527,13.08079
11060,greening,708750.0,2283.86079120636,0.0,1000,600,80.21654,13.07796
12928,greening,718875.0,2282.5118894577026,0.0,1170,580,80.21115,13.03183
11185,greening,698625.0,2278.5316395759583,0.0,1010,750,80.25806,13.07537
11404,greening,627750.0,2274.490635871887,0.0,1030,740,80.25531,13.06994
11400,greening,678374.9999999999,2265.003109931946,0.0,1030,700,80.24424,13.0699
9966,greening,617625.0,2262.437584877014,1440.0526418685913,900,660,80.23306,13.10513
11956,greening,556875.0000000001,2252.413924217224,0.0,1080,760,80.26088,13.05639
11883,greening,678374.9999999999,2245.067847251892,0.0,1080,30,80.0589,13.05573
10723,greening,739125.0000000001,2243.383617401123,0.0,970,530,80.19715,13.08604
16091,greening,728999.9999999999,2238.4271314144135,0.0,1460,310,80.13673,12.95293
11296,greening,587250.0,2226.430458545685,0.0,1020,760,80.26083,13.07266
12816,greening,607500.0000000001,2221.4022254943848,0.0,1160,560,80.20561,13.03452
10740,greening,688500.0000000001,2209.9927463531494,0.0,970,700,80.24419,13.08618
13258,greening,607500.0000000001,2209.6232647895813,0.0,1200,580,80.21118,13.02369
11623,greening,536625.0,2208.2359580993652,0.0,1050,730,80.25255,13.0645
7345,greening,637875.0,2195.6436066627502,2044.881869316101,660,850,80.28545,13.17039
4823,greening,637875.0,2191.3871030807495,2129.243886947632,430,930,80.30742,13.23284
12450,greening,658125.0,2186.7129397392273,0.0,1130,200,80.10599,13.04234
10860,greening,627750.0,2181.0227160453796,0.0,980,800,80.27187,13.08355
9730,greening,648000.0,2172.7998838424683,0.0,880,500,80.18876,13.11042
12926,greening,708750.0,2172.7490406036377,0.0,1170,560,80.20562,13.03181
10856,greening,607500.0000000001,2165.646478652954,0.0,980,760,80.2608,13.08351
11178,greening,637875.0,2162.2409448623657,0.0,1010,680,80.23869,13.07531
12441,greening,597375.0,2149.682493209839,0.0,1130,110,80.08109,13.04225
10099,greening,972000.0,2147.0677176713943,0.0,910,890,80.29672,13.1026
13053,greening,475875.0,2143.9770221710205,0.0,1180,730,80.25266,13.02924
12831,greening,597375.0,2143.6826429367065,0.0,1160,710,80.24711,13.03465
13110,greening,627750.0,2141.242971420288,0.0,1190,200,80.10605,13.02606
9841,greening,486000.0,2138.5245423316956,1810.5526447296143,890,510,80.19154,13.10772
13935,greening,698625.0,2137.1407022476196,0.0,1260,750,80.25826,13.00755
7544,greening,648000.0,2131.7445182800293,1076.9915256500244,680,640,80.22734,13.16479
13705,greening,506250.0,2131.3617305755615,0.0,1240,650,80.23058,13.0129
11634,greening,688500.0000000001,2128.674143910408,58.778730392456055,1050,840,80.28299,13.06459
11518,greening,688500.0000000001,2127.3939643502235,0.0,1040,780,80.26638,13.06726
7343,greening,941625.0000000001,2127.373521953821,773.1605062484741,660,830,80.27992,13.17037
7974,greening,688500.0000000001,2121.0721530914307,0.0,720,540,80.19969,13.15386
12336,greening,648000.0,2111.9130144119263,0.0,1120,160,80.09491,13.04501
9960,greening,597375.0,2102.9090461730957,35.90717697143555,900,600,80.21646,13.10508
13368,greening,627750.0,2093.32914352417,0.0,1210,580,80.21119,13.02098
15038,greening,658125.0,2070.9480476379395,0.0,1360,780,80.26664,12.98045
12922,greening,688500.0000000001,2070.8261642456055,0.0,1170,520,80.19455,13.03178
11936,greening,668250.0,2052.711546897888,0.0,1080,560,80.20554,13.05623
13147,greening,637875.0,2051.6397926807404,0.0,1190,570,80.2084,13.0264
9574,greening,516375.0,2036.523962020874,0.0,870,40,80.06145,13.1127
12229,greening,607500.0000000001,2035.9160499572754,0.0,1110,190,80.1032,13.04775
13499,greening,546750.0,2035.1317462921143,0.0,1220,790,80.26929,13.01844
9916,greening,506250.0,2032.0521259307861,0.0,900,160,80.09469,13.10469
11509,greening,415125.0,2023.435975074768,0.0,1040,690,80.24148,13.06718
5707,greening,880875.0,2003.7951893806458,1965.8689303398132,510,970,80.31856,13.21117
9465,greening,475875.0,2000.2196979522705,0.0,860,50,80.06421,13.11543
12392,greening,516375.0,1995.9306993484497,0.0,1120,720,80.24984,13.04551
11885,greening,567000.0,1989.1253185272217,0.0,1080,50,80.06444,13.05575
12559,greening,617625.0,1975.525011062622,0.0,1140,190,80.10323,13.03962
11403,greening,597375.0,1971.9058179855347,0.0,1030,730,80.25254,13.06993
11057,greening,607500.0000000001,1960.8121128082275,0.0,1000,570,80.20824,13.07793
11070,greening,648000.0,1960.469654083252,0.0,1000,700,80.24421,13.07804
11411,greening,648000.0,1958.8031294345856,132.6834602355957,1030,810,80.27467,13.06999
12439,greening,597375.0,1943.715579032898,0.0,1130,90,80.07555,13.04223
10746,greening,597375.0,1939.2586994171143,0.0,970,760,80.26079,13.08623
12445,greening,637875.0,1938.8090476989746,0.0,1130,150,80.09215,13.04229
13594,greening,567000.0,1920.2374324798584,0.0,1230,640,80.2278,13.0156
10726,greening,617625.0,1917.5843591690063,0.0,970,560,80.20545,13.08606
13000,greening,607500.0000000001,1916.049880027771,0.0,1180,200,80.10604,13.02878
12281,greening,516375.0,1908.4083414077759,0.0,1110,710,80.24707,13.04821
13278,greening,597375.0,1884.1099014282227,0.0,1200,780,80.26651,13.02385
11951,greening,556875.0000000001,1871.7047967910767,0.0,1080,710,80.24705,13.05635
14373,greening,597375.0,1860.0326976776123,0.0,1300,730,80.25276,12.99669
13054,greening,607500.0000000001,1859.249346256256,0.0,1180,740,80.25543,13.02925
12817,greening,577125.0,1831.947543144226,0.0,1160,570,80.20838,13.03453
10501,greening,546750.0,1830.210717201233,0.0,950,510,80.19159,13.09145
10754,greening,415125.0,1780.6241149902344,0.0,970,840,80.28293,13.08629
9840,greening,405000.0,1775.5397791862488,0.0,890,500,80.18877,13.10771
13592,greening,415125.0,1767.1052265167236,0.0,1230,620,80.22227,13.01559
12004,greening,536625.0,1766.8436393737793,0.0,1090,140,80.08935,13.05313
13706,greening,486000.0,1766.7257070541382,0.0,1240,660,80.23334,13.01291
13712,greening,516375.0,1763.6277146339417,0.0,1240,720,80.24994,13.01296
14040,greening,475875.0,1752.6804037094116,0.0,1270,700,80.24443,13.0048
12434,greening,597375.0,1748.726152420044,0.0,1130,40,80.06172,13.04218
10739,greening,516375.0,1747.1255722045898,0.0,970,690,80.24142,13.08617
13610,greening,334125.0,1730.4969382286072,0.0,1230,800,80.27207,13.01573
13250,greening,496125.0,1729.2531487941742,0.0,1200,500,80.18905,13.02362
10059,greening,567000.0,1725.0032005310059,151.48956871032715,910,490,80.18602,13.10228
13697,greening,526500.0,1720.4873180389404,0.0,1240,570,80.20845,13.01283
10027,greening,425250.0,1719.384666442871,0.0,910,170,80.09747,13.10198
13493,greening,567000.0,1717.7067937850952,0.0,1220,730,80.25269,13.01839
9962,greening,465750.0,1710.765007019043,1474.2258214950562,900,620,80.22199,13.1051
12220,greening,526500.0,1705.993956565857,0.0,1110,100,80.0783,13.04767
9842,greening,506250.0,1705.5329542160034,1538.7539014816284,890,520,80.19431,13.10773
12337,greening,455625.0,1693.75403881073,0.0,1120,170,80.09768,13.04502
9575,greening,394875.0,1686.013744354248,0.0,870,50,80.06422,13.11271
11507,greening,486000.0,1673.3792572021484,0.0,1040,670,80.23594,13.06717
12815,greening,425250.0,1671.1453742980957,0.0,1160,550,80.20285,13.03452
13248,greening,465750.0,1671.1417798995972,0.0,1200,480,80.18351,13.02361
11627,greening,425250.0,1660.1431741714478,0.0,1050,770,80.26362,13.06453
11626,greening,394875.0,1653.8777403831482,0.0,1050,760,80.26086,13.06453
12551,greening,486000.0,1653.7734203338623,0.0,1140,110,80.0811,13.03954
5362,greening,455625.0,1653.4417181015015,1000.9681186676025,480,820,80.277,13.21919
10491,greening,425250.0,1642.3236014842987,1342.6862845420837,950,410,80.16392,13.09136
9468,greening,526500.0,1635.8335375785828,0.0,860,80,80.07251,13.11546
9950,greening,344250.00000000006,1633.1107578277588,1492.6227588653564,900,500,80.18878,13.105
9354,greening,374625.0,1623.4131336212158,0.0,850,40,80.06143,13.11813
10734,greening,516375.0,1622.7992992401123,0.0,970,640,80.22758,13.08613
11743,greening,486000.0,1574.3226251602173,0.0,1060,830,80.28023,13.06187
5077,greening,212625.0,1569.6096782684326,1037.736801147461,460,170,80.09702,13.22404
13139,greening,506250.0,1549.3424549102783,0.0,1190,490,80.18627,13.02633
13812,greening,415125.0,1528.4451580047607,0.0,1250,620,80.22229,13.01016
9804,greening,465750.0,1525.6998760700226,0.0,890,140,80.08915,13.10738
7116,greening,344250.00000000006,1524.9970211982727,0.0,640,760,80.26052,13.17574
10967,greening,445500.0,1491.5522141456604,0.0,990,770,80.26357,13.08081
11619,greening,425250.0,1476.7836561203003,0.0,1050,690,80.24149,13.06447
11406,greening,394875.0,1474.1807298660278,0.0,1030,760,80.26084,13.06995
9684,greening,415125.0,1465.1388130187988,0.0,880,40,80.06147,13.10999
13501,greening,374625.0,1461.8519597053528,0.0,1220,810,80.27482,13.01845
12760,greening,394875.0,1458.402913093567,0.0,1160,0,80.05069,13.034
10580,greening,415125.0,1438.6473321914673,0.0,960,200,80.10582,13.08845
13811,greening,374625.0,1437.2725048065186,0.0,1250,610,80.21952,13.01015
10177,greening,303750.00000000006,1420.750904083252,1284.3389234542847,920,570,80.20817,13.09963
9463,greening,364499.99999999994,1372.5276832580566,0.0,860,30,80.05868,13.11541
10833,greening,415125.0,1352.215126991272,0.0,980,530,80.19715,13.08332
12214,greening,445500.0,1344.2212581634521,248.23934173583984,1110,40,80.0617,13.04761
3950,greening,759375.0,1341.6242402791977,0.0,350,1000,80.32674,13.25459
13609,greening,313875.0,1302.6429166793823,0.0,1230,790,80.2693,13.01572
10747,greening,415125.0,1300.0909099578857,0.0,970,770,80.26356,13.08624
11186,greening,415125.0,1258.3909893035889,0.0,1010,760,80.26082,13.07538
10289,greening,405000.0,1234.5686740875244,806.4516639709473,930,590,80.21371,13.09694
10863,greening,405000.0,1225.2879734039307,0.0,980,830,80.28017,13.08357
11735,greening,384750.0,1223.7794861793518,0.0,1060,750,80.2581,13.06181
12431,greening,374625.0,1212.5164213180542,0.0,1130,10,80.05342,13.04215
11511,greening,354375.0,1191.3833141326904,0.0,1040,710,80.24701,13.0672
13808,greening,384750.0,1165.5996179580688,0.0,1250,580,80.21122,13.01013
13936,greening,384750.0,1165.4919238090515,0.0,1260,760,80.26102,13.00756
11788,greening,344250.00000000006,1161.6590576171875,85.09834480285645,1070,180,80.10039,13.05859
10399,greening,324000.0,1153.3885173797607,521.2780799865723,940,590,80.21372,13.09423
8595,greening,293625.0,1142.0288279354572,912.9788589477539,780,150,80.09181,13.13723
14589,greening,293625.0,1117.3658847808838,0.0,1320,690,80.24171,12.99123
11607,greening,334125.0,1114.7893648147583,0.0,1050,570,80.20828,13.06437
11508,greening,344250.00000000006,1114.6065340042114,0.0,1040,680,80.23871,13.06718
14480,greening,364499.99999999994,1113.4161701202393,0.0,1310,700,80.24447,12.99395
13821,greening,354375.0,1092.078040599823,0.0,1250,710,80.24718,13.01024
5294,greening,131625.0,1067.2876930236816,0.0,480,140,80.08874,13.21859
10640,greening,354375.0,1067.0090818405151,0.0,960,800,80.27185,13.08897
13382,greening,313875.0,1018.4008359909058,0.0,1210,720,80.24992,13.02109
13495,greening,313875.0,1014.8299722671509,0.0,1220,750,80.25823,13.01841
12105,greening,303750.00000000006,961.6492614746094,0.0,1100,50,80.06446,13.05033
13163,greening,243000.0,957.4658727645874,0.0,1190,730,80.25267,13.02653
11786,greening,253125.0,952.252326965332,0.0,1070,160,80.09486,13.05857
13388,greening,303750.00000000006,941.3250322341919,0.0,1210,780,80.26652,13.02114
12502,greening,253125.0,910.6588954925537,0.0,1130,720,80.24985,13.04279
5187,greening,101250.0,901.6521034240723,596.0116691589355,470,170,80.09703,13.22133
8866,greening,283500.0,892.3189945220947,837.6297068595886,800,660,80.23298,13.13226
9965,greening,253125.0,891.2794468402863,332.5742988586426,900,650,80.23029,13.10513
5185,greening,232875.0,864.5362250804901,0.0,470,150,80.0915,13.22131
11621,greening,212625.0,862.0117139816284,0.0,1050,710,80.24702,13.06449
13813,greening,222750.0,853.9274089336395,0.0,1250,630,80.22505,13.01017
12543,greening,273375.0,842.0090436935425,0.0,1140,30,80.05897,13.03946
12652,greening,253125.0,831.1693601608276,0.0,1150,20,80.05621,13.03674
13704,greening,243000.0,777.7164392471313,0.0,1240,640,80.22781,13.01289
12215,greening,232875.0,748.6613931655884,0.0,1110,50,80.06447,13.04762
14701,greening,182249.99999999997,740.3727149963379,0.0,1330,710,80.24725,12.98853
13691,greening,202500.0,713.9215507507324,0.0,1240,510,80.19185,13.01278
4745,greening,162000.0,706.6704573631287,85.21973419189453,430,150,80.09146,13.23216
14270,greening,212625.0,682.443564414978,515.1657667160034,1290,800,80.27211,12.99946
9967,greening,121500.0,671.5056810379028,0.0,900,670,80.23583,13.10514
13589,greening,212625.0,659.2358679771423,0.0,1230,590,80.21397,13.01556
10631,greening,212625.0,658.3381559848785,0.0,960,710,80.24695,13.0889
4636,greening,50625.0,651.9536972045898,0.0,420,160,80.09421,13.23488
10077,greening,151875.00000000003,582.6508665084839,0.0,910,670,80.23584,13.10243
8704,greening,151875.00000000003,567.138247102499,0.0,790,140,80.08905,13.1345
6682,both,50000.0,308.8409824371338,128.5937614440918,600,820,80.2771,13.18664
11123,both,0.0,169.70819664001465,0.0,1010,130,80.0865,13.07482
15223,both,0.0,159.12905883789062,0.0,1380,430,80.16984,12.97474
4595,both,0.0,129.48331952095032,0.0,410,850,80.28526,13.2382
12870,both,0.0,125.56140518188477,0.0,1170,0,80.0507,13.03129
10138,greening,30375.0,92.79730415344238,0.0,920,180,80.10025,13.09928
6779,both,0.0,42.70349407196045,0.0,610,690,80.24112,13.18382
1648,cool_roofs,0.0,22.171631813049316,0.0,140,1080,80.34875,13.31161
2605,both,0.0,20.704585075378418,0.0,230,750,80.25742,13.28695
5027,both,0.0,12.76339340209961,0.0,450,770,80.26314,13.22729
3245,both,0.0,5.694223880767822,0.0,290,550,80.20208,13.27051
6467,cool_roofs,0.0,3.328868865966797,0.0,580,870,80.29093,13.1921
4274,cool_roofs,0.0,2.939420223236084,0.0,380,940,80.31015,13.24641
